{
  "Author": "Plume",
  "Name": "Praetorium Roulette",
  "InternalName": "PraetoriumRoulette",
  "AssemblyVersion": "1.0.0.2",
  "Description": "No more daddy issues",
  "ApplicableVersion": "any",
  "RepoUrl": "https://github.com/Plumie/Dalamud.PraetoriumRoulette",
  "Tags": [
    "roulette",
    "praetorium",
    "cutscenes"
  ],
  "DalamudApiLevel": 11,
  "LoadRequiredState": 0,
  "LoadSync": false,
  "CanUnloadAsync": false,
  "LoadPriority": 0,
  "IconUrl": "https://raw.githubusercontent.com/Plumie/Dalamud.PraetoriumRoulette/main/Data/icon.png",
  "Punchline": "No more daddy issues",
  "AcceptsFeedback": true
}